# The ASF licenses this file to You under the Apache License, Version 2.0
# (the "License"); you may not use this file except in compliance with
# the License.  You may obtain a copy of the License at
#
#     http://www.apache.org/licenses/LICENSE-2.0
#
# Unless required by applicable law or agreed to in writing, software
# distributed under the License is distributed on an "AS IS" BASIS,
# WITHOUT WARRANTIES OR CONDITIONS OF ANY KIND, either express or implied.
# See the License for the specific language governing permissions and
# limitations under the License.

#-----------------------------------------------------------------------
#some test synonym mappings unlikely to appear in real input text
aaafoo => aaabar
bbbfoo => bbbfoo bbbbar
cccfoo => cccbar cccbaz
fooaaa,baraaa,bazaaa

# Some synonym groups specific to this example
GB,gib,gigabyte,gigabytes
MB,mib,megabyte,megabytes
Television, Televisions, TV, TVs
#notice we use "gib" instead of "GiB" so any WordDelimiterGraphFilter coming
#after us won't split it into two words.

# Synonym mappings can be used for spelling correction too
pixima => pixma


carity,clarity

covid,covid-19,corona virus, covid 19, covid dashboard, covid dash, covid department, sars, corona
ip => inpatient
w/ => with
w/0 => without
cbo => corporate billing office
ccc => coal city campus
ed,er,emergency department, emergency room
np => nurse practitioner
ct => imaging
slc, ltc, sa40, long term care
rmc => riverside medical center
Bruce Wayne => Batman
physician, provider
adt,admissions,discharges,transfers
hb => hospital billing
tran,trans,transfer,transfers
los => length of stay
hh, home health, rmc hh, homehealth
lt, longterm, long term
bcma => barcoded medication administration
rx, prescription, medication,drugs, perscription
rvu => relative value unit
obs => observation
dept,depart,department
mrsa => methicillin resistant staphyloccocus aureus
mh => mental health
raf,hcc,hierarchical condition category
pacu => postanesthesia care unit
rac,pfs,recovery audit contractor
ascus => atypical squamous cells of unknown significance
losi => length of stay index
hf => heart failure
mdro => multi drug resistant organisms
bh => behavioral health
mssa => methicillin susceptible staphylococcus aureus
ect => electroconvulsive therapy
op => operation
mdro => multi drug resistant organisms
mg => milligram
nhsn => national healthcare safety network
qi,quality improvement, quality initiative, quality indicator
mst => malnutrition screening tool
ccl => cardiac cath lab
ar,accounts receivable, accounts recievable, atb
iru => interventional radiology unit
gme, graduate medical education, student doctors, medical students
aim => current hospitalist group
hcc => hierarchical condition category
cac => childrens asthma care
cms,medicare, medicaid, center for medicare and medicaid services
hf, heart failure
vte => venous thromboembolism
ccm => critical care medicine
wm => weight management
mr => medical record
pm => pain management
exec => executive
sbo => single billing office
es => epic scheduling
inv => inventory
cv => cardiovascular
an => anesthesia
ris => radiology information system
evs => environmental services
pn => pneumonia
ami => heart attach
atb => ageed trial balance
pb => professional billing
pcp => primary care provider
hcpc, hcpcs, cpt, current procedural terminology
payer, payor
canceled, cancelled

# names
Ab,Abraham
Abig,Abigail
Abr,Abraham
Abra,Abraham
Ad,Adelard
Adr,Adrian,Adrien,Adrienne
Agn,Agnes
Alb,Albert,Albina
Albt,Albert
Alc,Alice
Alex,Alexander,Alexandre,Alexandrine
Ale,Alethea
Alf,Alfred
Alfd,Alfred
Alph,Alphonse,Alphonsine
Am,Amanda
Amb,Ambrose
And,Andrew,André
Andw,Andrew
Ang,Angeline,Angelique
An,Anne,Anna
Ani,Annie
Ant,Antoine,Antoinette
Anth,Anthony
Anthy,Anthony
Arch,Archibald
Archd,Archibald
Art
Arthur
Arth,Arthur,Arthemise
Aud,Audrey
Aug,August,Auguste,Augustin,Augustine
Balt,Balthazar
Barb,Barbara
Bart,Bartholomew
Barth,Barthelemy
Bea,Beatrice
Ben,Benjamin
Benj
Benjamin
Bern,Bernard,Bernadette
Brid,Bridget,Bridgette
Car,Caroline
Cath,Catherine
Cathne,Catherine
Charlt,Charlotte
Chals,Chas,Chs,Charles
Chris,Christopher
Clem,Clement,Clementine
Clif,Clifd,Clifford
Cons,Const,Constance
Corn,Cornelius
Cor’us,Cornelius
Cuthbt,Cuthbert
Dan,Danl,Daniel
Dav,David
Deb,Deborah
Delbt,Delbert
Den,Dennis
Dom,Dominique
Don,Donald
Dor,Dorothy
Doug,Douglas
Dy,Dorothy
Eben,Ebenezer
Ed,Edward,Edouard,Edm,Edmond,Edmund
Edw,Edward
Elis,Elisabeth,Eliz,Eliza,Elizh,Elizth,Elizabeth
Elnr,Eleanor
Em,Emmanuel,Emma,Emily
Eml,Emily
Ern,Ernest,Ernestine
Esth,Esther
Etne,Etienne
Euc,Euclide
Eug,Eugene,Eugenie,Eugne
Eus,Eustace
Ezek,Ezekiel
Fel,Felicite
Ferd,Ferdinand
Fern,Fernand,Fernande
Flo,Florence,Flor
Fra,Francis
Fran,Frances
Fred,Frederick,Frédéric
Fredk,Frederick
Fs,Francis
Frs,Francis,Frances,François,Françoise
Frs,X,François-Xavier
Gab,Gabrielle
Gen,Genevieve
Geo,George,Georges,Georgette,Georgina,Georgiana
Geof,Geoffrey
Ger,Gerald,Geraldine,Gerard
Germ,Germaine
Gert,Gertrude
Gilbt,Gilbert
Godf,Godfrey
Graz,Graziella
Grif,Griffith
Gul,William,(in,Latin,Gulielmus)
Guliel,William,(in,Latin,Gulielmus)
Gwen
Gwendolyn
Han,Hannah
Har,Harold
Hel,Helen,Hellene
Hen,Henry
Henr,Henriette
Hep,Hephzibah
Herb,Herbert
Herbt,Herbert
Hest,Hester
Hon,Honour
Hub,Hubert
Hubt,Hubert
Hum,Humphrey
Humy,Humphrey
Hy,Henry
Ioh,John
Ir,Irene
Isab,Isabel,Isabelle
Isb,Isabel,Isabelle
Ja,James
Jabus,James,Jacobus
Jac,James,Jacobus
Jacq,Jacques,Jacquelline
Jas,James
Jean,Jean,Jeannette
Jer,Jeremiah
Jere,Jeremiah
Jerh,Jeremiah
Jermh,Jeremiah
Jn,John,Jean
Jne,Jeanne
Jno,John
Jnthn,Jonathan
Jon,Jonathan
Jone,Joan,(sometimes,misspelt)
Jos,Joseph,Joséphat
Josh,Joshua,Josiah
Jro,Jerome
Jsph,Joseph
Jud,Judith
Jul,Julian,Juliette
Kath,Katherine
Ken,Kenneth
Lan,Lancelot
Lau,Laurence
Lawr,Lawrence
Len,Leonard
Leo,Leopold
Leon,Leonard
Let,Letitia,Lettice
Ls,Louis
Lse,Louise
Luc,Lucian,Lucien,Lucienne
Lyd,Lydia
Mad,Madeleine
Marc,Marcelline
Marg,Margaret,Marguerite
Margt,Margaret
Mart,Martha
Margt,Margaret
Margy,Margery
Marm,Marmaduke
Mat,Matthias,Mathias,Matthew,Mathieu
Math,Mathias,Mathilde
Mathw,Mathew
Matt,Mathew
Mau,Maurice
Mgt,Margaret
Mic,Michael
Mich,Michael,Miche
Michl,Michael
Mill,Millicent
My,Mary
Nap,Napoleon
Nar,Narcisse
Nath,Nathaniel
Nathl,Nathaniel
Naz,Nazaire
Neh,Nehemiah
Nic,Nicholas,Nicole,Nich,Nicho,Nichs,Ns
Oct,Octave
Ol,Oliver,Olivier
Pama,Pamelia
Pat,Patrick,Patrice,Patricia
Patk,Patrick
Pen,Penelope
Pet,Peter
Ph,Phillip,Philippe
Phil,Phillip,Philippe
Phin,Phineas
Phyl,Phyllis
Pre,Pierre
Prisc,Priscilla
Pru,Prudence
Rach,Rachel
Ray,Raymond
Rayd,Raymond
Reb,Rebecca
Reba,Rebecca
Reg,Reginald
Regd,Reginald
Ric,Richard,Rich,Richard,Richd,Richdus,Richardus
Robt,Robert
Rodk,Roderick
Rog,Roger
Rol,Roland
Ron,Ronald
Rowl,Rowland
Rph,Ralph
Sam,Samuel
Saml,Samuel
Sar,Sarah
Sid,Sidney
Silv,Sylvester
Sim,Simon
Sol,Solomon
Stan,Stanley
Steph,Stephen
Sus,Susan,Susanna
Susna,Susanna,Susannah
Suz,Suzanne
Syd,Sydney
Tam,Thomasin,Tamsin
Teles,Telesphore
Theo,Theodore
Ther,Therese
Tho,Thomas
Thos,Thomas
Ths,Thomas
Tim,Timothy
Tous,Toussaint
Tristm,Tristram
Urs,Ursala
Val,Valentine
Vic,Victor
Vinc,Vincent
Virg,Virginia
Walt,Walther
Wilf,Wilfred,Wilfrid
Wilfd,Wilfred
Wm,William
Xpher,Christopher
Xpr,Christopher
Xtianus,Christian
Xtopherus,Christopher
Zach,Zachariah